Policy;LPI-category;survey_1;survey_2;survey_3;survey_4;survey_5;mean;Policy-Maßnahmen Deutsch;Benefits;Risks;factor_loadings
Coordinate customs operations with trusted/authorized importers and exporters to reduce inspections;Customs;2;3;2;3;1;2,2;Koordinierung der Zollvorgänge mit vertrauenswürdigen/zugelassenen Importeuren und Exporteuren, um Inspektionen zu reduzieren;Reduction in the number of inspections for imported cargo and faster clearance. Exemptions from random non-intrusive inspections. Improved level of service for customs.;Two tiers system in customs clearance. Decline in compliance;0.8707934825299138
Develope strategic-located Free Zones;Customs;8;6;1;2;2;3,8;Entwicklung von strategisch gelegenen Freihandelszonen;Promotion of exports. Flexibility in the use of national customs regulations. Attract internationally focused logistics activities.;Loss of duty income. Infractions in customs regulations.;0.8660678204279749
Expand ease of inland clearance;Customs;5;7;3;1;4;4;Erleichterung der Inlandsabfertigung;Better integration between major gateways such as ports and airports. Additional flexibility in supply chain management.;Loss of customs duty income. Infractions in customs regulations.;0.8560569488821914
Improve the effectiveness of customs operations, e.g. with single window initiatives (enhanced exchange of information inbetween institutions);Customs;4;8;8;7;8;7;Verbesserung der Effizienz der Zollvorgänge, z. B. durch Single-Window-Initiativen (verbesserter Informationsaustausch zwischen den Institutionen);Faster clearance for international trade and improved time performance of supply chains. Improving supply chain security, such as with the use of scanning technologies. Cross-border agreements to develop cross-border logistics (land border).;Cybersecurity and hacking;0.8512790176872361
Introduce e-government services and e-signatures to facilitate government approvals;Customs;6;5;5;5;5;5,2;Einführung elektronischer Behördendienste und elektronischer Signaturen zur Erleichterung behördlicher Genehmigungen;;;0.8657743093671908
Promote cross-border cooperation in monitoring and clearing cargo;Customs;3;4;6;6;6;5;Förderung der grenzüberschreitenden Zusammenarbeit bei der Überwachung und Abfertigung von Fracht;;;0.8545947545108881
Simplify trade and infrastructure tariffs;Customs;1;1;7;8;7;4,8;Vereinfachung der Handels- und Infrastrukturtarife;;;0.8579714719430591
Simplify/ Allow cross-border transport agreements. Also thoses of foreign services;Customs;7;2;4;4;3;4;Vereinfachung bzw. Zulassung von Abkommen über grenzüberschreitenden Verkehr. Auch solche von ausländischen Dienstleistungsunternehmen;;;0.8686973578766432
Develop public information platforms for sharing trade and logistics data;Ease of arranging shipments;2;2;2;2;2;2;Entwicklung öffentlicher Informationsplattformen für den Austausch von Handels- und Logistikdaten;;;0.7340803191627886
Empower smallholder farmers by creating networks/associations to improve market access;Ease of arranging shipments;1;3;1;1;3;1,8;Stärkung von Kleinbauern durch die Schaffung von Netzwerken/Verbänden zur Verbesserung des Marktzugangs;Increase availability of nutritious foods in markets serving local populations;;0.5939341485710131
Support the development of e-commerce platforms to help producers create markets;Ease of arranging shipments;3;1;3;3;1;2,2;Förderung der Etablierung von Plattformen für E-Commerce, um den Erzeugern bei der Marktschaffung zu helfen;Increase access to nutritious foods to under-served populations;;0.6763357035946975
Construct new/ Upgrade existing transport links (Roads etc.);Infrastructure;5;2;2;2;1;2,4;Bau neuer/ Ausbau bestehender Verkehrsverbindungen (Straßen usw.);Increase availability nutritious foods to low-income and all populations;;0.8427732279736924
Develope Cold Chain Capabilities;Infrastructure;2;6;6;6;6;5,2;Entwicklung von Kühlkettenkapazitäten;Increase availability, affordability and safety of nutritious foods in markets serving local populations and promotes high-value exports of perishables (fish, meat, fruits, vegetables, flowers, etc.) on global markets in reefers. Ensures higher quality exports and less waste.;Maintaining the integrity of the cold chain. (e.g. utilizing low-cost sensors, RFID for real-time monitoring) );0.7793011260208491
Develope facilities for intermodal Gateways;Infrastructure;4;1;3;1;3;2,4;Entwicklung von Einrichtungen für intermodale Gateways;Promotes modal shift (if connected by rail or barge). Reduces port congestion (relocation of some port activities). Facilitates economies of scale in inland distribution (corridors). Lowers last mile transport costs (co-location). Promotes specialized commodity exports. Expand market opportunities for small and medium-sized producers.In regard to ports it improves the productivity of terminal operations by concessioning to private terminal operators. PPP where private operator investing in terminal equipment and automation. Better connectivity to global maritime shipping.Use and coordinate regional transportation more effectively.;Loss of control in terminal development. Reduction in employment due to efficiency improvements. Profit from terminal operation may be expatriated. Improper location. Lack of demand. Fluctuations in the commodity markets.;0.8357631384603085
Develope strategic-located Logistic Hubs (e.g. dry ports, ports and airports);Infrastructure;6;4;5;5;5;5;Entwicklung von strategisch günstig gelegenen Logistikzentren (z. B. Trockenhäfen, Häfen und Flughäfen);Achieves economies of agglomeration for freight activities. Lowers operational costs (e.g. joint infrastructures and utilities). Promotes the setting of logistics services firms. Improve key capacity bottlenecks. Coordinate the operations and investments of various stakeholders. Improve hinterland transport capacity, efficiency, and reliability. Facilitate better asset utilization and modal shift.;"Higher land values pressure the returns on investment.
Impact on surrounding communities.";0.8410811836164326
Focus on public-private partnerships to improve storage and/or transportation facilities;Infrastructure;3;3;1;3;2;2,4;Fokus auf öffentlich-private Partnerschaften zur Verbesserung von Lager- und/oder Transporteinrichtungen;Improve the efficiency of the privatized firms. Enables the entry of new providers. Increase competitiveness.;Reduction in employment due to efficiency improvements. Profit may be expatriated.;0.8327315310653607
Improve access to low-cost handling and storage technologies (e.g. evaporative coolers, storage bags, metallic silos, crates);Infrastructure;1;5;4;4;4;3,6;Verbesserung des Zugangs zu kostengünstigen Handhabungs- und Lagertechnologien (z. B. Verdunstungskühler, Lagersäcke, metallische Silos, Kisten);;;0.783106718062385
Allow increase scale of logistics service providers (Mergers & Acquisitions);Quality of log services;4;6;7;7;7;6,2;Skalierung von Logistikdienstleistern (Fusionen und Übernahmen);;;0.8960481659723092
Create an exchange market for logistics services;Quality of log services;8;2;6;6;6;5,6;Schaffung eines Marktplatzes für Logistikdienstleistungen;Improves the interactions between the providers and consumers of logistics services. Promotes a better usage of transport assets and facilities. Enables the participation of small and medium-sized firms.;Creation of a two-tier market for logistics services.;0.814051361361213
Encourage integration of logistics services for trade and distribution;Quality of log services;5;1;4;4;4;3,6;Förderung der Integration von Logistikdienstleistungen für Handel und Vertrieb;;;0.8193895100146511
Introduce / adapt global standards and certification for logistics services;Quality of log services;7;8;8;8;8;7,8;Einführung/Anpassung globaler Standards und Zertifizierungen für Logistikdienstleistungen;;;0.9076391724069713
Introduce or improve performance Indicators;Quality of log services;1;5;2;2;1;2,2;Einführung bzw. Verbesserung von Leistungsindikatoren;;;0.878487090951973
Promote logistics as a career path and expand capabilities (technical training);Quality of log services;3;7;5;5;5;5;Förderung der Logistik als Karriereweg und Ausbau von Fähigkeiten ( Fachausbildung);Provide a labour pool to address expected demand. Increases labour productivity. Develops diversified skills. Attracts logistics firms.;"Lack of labour (quantitative and qualitative).
Develop unneeded capabilities.";0.8900037144465733
Support for a national logistics council and other mechanisms for selfregulation;Quality of log services;6;4;1;3;2;3,2;Schaffung eines nationalen Logistikrates und anderer Mechanismen zur Selbstregulierung;;;0.8089383718776915
Support the development of small and medium-sized logistics firms;Quality of log services;2;3;3;1;3;2,4;Unterstützung der Entwicklung von kleinen und mittleren Logistikunternehmen;Develop entrepreneurial capabilities, particularly for new firms. Improve the provision of specialized logistics services, such as 3PLs and 4PLs. Improve the competitiveness of the logistics market.;"Focus on politically connected firms.
Potential bias towards sectors favoured by policy as opposed to those
with market potential.";0.8823047450918973
Improve border facilities;Timeliness;1;3;6;6;4;4;Verbesserung der Grenzanlagen;;;0.8033670226554113
Improve urban delivieries with a change in conditions (e.g. time of day, access to parking) and usage of suitable vehicles;Timeliness;4;1;2;1;2;2;Verbesserung der städtischen Zustellungen durch Änderung der Bedingungen (z. B. Tageszeit, Zugang zu Parkplätzen) und Einsatz geeigneter Fahrzeuge;Promotes consolidation, sorting and deconsolidation in high density urban areas. Improves efficiency (time and energy) of urban deliveries. Supports the development of ecommerce.;Additional delivery costs and delays.;0.841962386915362
Incentivize fleet development and upgrades;Timeliness;5;4;1;2;1;2,6;Anreize zur Entwicklung und Aufrüstung von Fahrzeugflotten;;;0.8263828466136067
Introduce Warehouse-Management Systems (including receipt systems and inventory management) to build a database;Timeliness;3;2;4;4;3;3,2;Einführung von Warehouse-Management-Systemen (einschließlich Quittungssysteme und Bestandsverwaltung) zum Aufbau von Datenbanken;Collects information about logistics activities. Reports key performance indicators benchmarking the industry. Assesses the effectiveness of logistics policies.;Information inaccurate or biased.;0.8233525794518132
Plan and manage multi-country freight corridor;Timeliness;2;5;5;3;5;4;Planung und Steuerung eines länderübergreifenden Frachtkorridors;;;0.8003850038871713
Share insights from data with all stakeholders along the value-chain;Timeliness;6;6;3;5;6;5,2;Austausch von Erkenntnissen aus Daten mit allen Beteiligten entlang der Wertschöpfungskette;"Promotes competitiveness in port-related services.
Promotes coordination between freight actors to improve port area
efficiency.
Improves the tracking of freight and transport assets.";Cybersecurity and hacking;0.818180619709504
Improve telecommunications services to support logistics;Tracking and Tracing;1;1;1;1;1;1;Verbesserung der Telekommunikationsdienste zur Unterstützung der Logistik;;;0.2859546007700756
